ticket_id,question,rag_answer,ground_truth,context_entity_recall,context_precision,context_recall,answer_correctness,answer_similarity,answer_relevancy,faithfulness,resolution_category,resolution_confidence,needs_manual_review,context_count,useful_context_count,dropped_context_count,question_keywords,ground_truth_keywords,rag_answer_keywords,missing_answer_keywords,missing_context_keywords,rank,rank_reason
question_1,How to resolve the need to repeatedly add customer names when querying new customer orders in the Customer Order List caused by not using the 'Save Filter' functionality in the WISE system?,No solution was found. Please describe your question in detail.,"[Resolution] Use the WISE system's 'Save Filter' functionality to permanently save customer selections in the Customer Order List, eliminating the need for repeated manual entry.

[Technical Diagnosis] The issue occurs because new customer filters aren't being preserved between sessions in the Customer Order List interface. Without saving the filter settings, the system defaults to its initial state upon each login, requiring manual re-entry of customer names each time.

[Remediation Steps]
1. Log into the Customer Order List page in the WISE system
2. Select the desired customer(s) you want to view or query from the customer list
3. Click the ""Save Filter"" button to permanently save your selection
4. For future sessions, your saved customer filter will automatically be applied
5. To add additional new customers to your filter, select them and click ""Save Filter"" again
6. If you need to remove all filters, click the ""Unfilter"" button, then click ""Save Filter"" to ensure all filters are cleared

[Strategic Note] Regularly managing your saved filters in the WISE system will streamline your workflow by eliminating repetitive customer selection tasks and ensuring consistent visibility of relevant customer orders across sessions.",0.0,0.0,0.0,0.1909253366598573,0.4479118729552187,0.0,0.0,hallucination,0.9,False,0,0,0,"['add', 'caused', 'customer', 'filter', 'functionality', 'how', 'list', 'names', 'need', 'new', 'not', 'order', 'orders', 'querying', 'repeatedly', 'resolve', 'save', 'system', 'using', 'when', 'wise']","['across', 'add', 'additional', 'again', 'all', 'applied', 'aren', 'automatically', 'because', 'being', 'between', 'button', 'cleared', 'click', 'consistent', 'customer', 'customers', 'defaults', 'desired', 'diagnosis', 'each', 'eliminating', 'ensure', 'ensuring', 'entry', 'filter', 'filters', 'from', 'functionality', 'future', 'initial', 'interface', 'into', 'issue', 'its', 'list', 'log', 'login', 'managing', 'manual', 'names', 'need', 'new', 'note', 'occurs', 'order', 'orders', 'page', 'permanently', 'preserved', 'query', 'regularly', 'relevant', 'remediation', 'remove', 'repeated', 'repetitive', 'requiring', 'resolution', 'save', 'saved', 'saving', 'select', 'selection', 'selections', 'sessions', 'settings', 'state', 'steps', 'strategic', 'streamline', 'system', 'tasks', 'technical', 'them', 'then', 'time', 'unfilter', 'upon', 'use', 'view', 'visibility', 'want', 'wise', 'without', 'workflow', 'you', 'your']","['describe', 'detail', 'found', 'please', 'question', 'solution', 'was', 'your']","['saved', 'repeated', 'preserved', 'desired', 'repetitive', 'log', 'login', 'defaults', 'without', 'orders', 'managing', 'across', 'additional', 'cleared', 'diagnosis', 'wise', 'all', 'because', 'each', 'manual', 'filter', 'interface', 'workflow', 'want', 'selection', 'visibility', 'use', 'its', 'entry', 'ensuring', 'saving', 'names', 'save', 'need', 'unfilter', 'new', 'remove', 'page', 'customers', 'view', 'query', 'note', 'strategic', 'customer', 'select', 'state', 'regularly', 'settings', 'time', 'upon', 'eliminating', 'into', 'applied', 'aren', 'system', 'you', 'ensure', 'filters', 'again', 'order', 'add', 'relevant', 'streamline', 'tasks', 'future', 'from', 'button', 'then', 'between', 'initial', 'occurs', 'technical', 'requiring', 'being', 'list', 'selections', 'sessions', 'click', 'remediation', 'issue', 'permanently', 'steps', 'them', 'functionality', 'automatically', 'resolution', 'consistent']","['saved', 'repeated', 'preserved', 'desired', 'repetitive', 'log', 'login', 'defaults', 'without', 'orders', 'managing', 'across', 'additional', 'cleared', 'diagnosis', 'wise', 'all', 'because', 'each', 'manual', 'filter', 'interface', 'workflow', 'want', 'selection', 'visibility', 'use', 'its', 'entry', 'ensuring', 'saving', 'names', 'save', 'need', 'unfilter', 'new', 'remove', 'page', 'customers', 'view', 'query', 'note', 'strategic', 'customer', 'select', 'state', 'regularly', 'settings', 'time', 'upon', 'eliminating', 'into', 'applied', 'aren', 'system', 'you', 'ensure', 'filters', 'again', 'order', 'add', 'relevant', 'streamline', 'tasks', 'future', 'from', 'button', 'then', 'between', 'initial', 'your', 'occurs', 'technical', 'requiring', 'being', 'list', 'selections', 'sessions', 'click', 'remediation', 'issue', 'permanently', 'steps', 'them', 'functionality', 'automatically', 'resolution', 'consistent']",1,"Very low scores across all metrics, indicating a severe issue."
question_2,How to locate and understand FTA information in WisE when investigating over import duty paid due to FTA master register mistake?,"Based on work order **241113-000004**, FTA eligibility information is **not entered in WisE** but is registered through the **EPA field in Sales Contract** on an item-by-item basis.

## Solution Steps:
1. **Stop looking in WisE** - FTA information is not stored there
2. **Access Sales Contract application** instead of WisE
3. **Locate the EPA field** in Sales Contract 
4. **Check FTA and COO registration** by item number in the EPA field
5. **Verify correct registration** to prevent future import duty overpayments

The confusion typically arises because users expect to find FTA eligibility in WisE when it's actually managed through the EPA field in Sales Contract.","[Resolution]: FTA/EPA information in WisE can be accessed by downloading the contract part route to review EPA details including EPA Type Code and Exp HS Code.

[Technical Diagnosis]: The customer was investigating an issue related to over import duty paid due to an FTA master register mistake from TTTC but was unable to locate the FTA information in the WisE contract master. The root cause was lack of understanding about where EPA/FTA data is stored in the system and how this information is utilized.

[Remediation Steps]:
1. Navigate to the contract part route section in WisE
2. Download the contract part route data
3. Review the EPA/FTA details for each part in the downloaded data
4. Note that the EPA Type Code and Exp HS Code fields contain the relevant EPA information
5. Understand that these EPA type codes serve only as reference fields and do not directly impact shipping documents or invoices within WisE

[Strategic Note]: For comprehensive understanding of how EPA information is used outside the WisE system, users should consult with export countries or study the WEST master data, as the EPA information in WisE is maintained primarily for reference purposes.",0.09090909086776859,0.0,0.25,0.5248125952077962,0.8019530835338877,0.7128462143392552,0.9,retrieval_failure,0.85,False,1,1,0,"['due', 'duty', 'fta', 'how', 'import', 'information', 'investigating', 'locate', 'master', 'mistake', 'over', 'paid', 'register', 'understand', 'when', 'wise']","['about', 'accessed', 'but', 'cause', 'code', 'codes', 'comprehensive', 'consult', 'contain', 'contract', 'countries', 'customer', 'data', 'details', 'diagnosis', 'directly', 'documents', 'download', 'downloaded', 'downloading', 'due', 'duty', 'each', 'epa', 'exp', 'export', 'fields', 'from', 'fta', 'how', 'impact', 'import', 'including', 'information', 'investigating', 'invoices', 'issue', 'lack', 'locate', 'maintained', 'master', 'mistake', 'navigate', 'not', 'note', 'only', 'outside', 'over', 'paid', 'part', 'primarily', 'purposes', 'reference', 'register', 'related', 'relevant', 'remediation', 'resolution', 'review', 'root', 'route', 'section', 'serve', 'shipping', 'should', 'steps', 'stored', 'strategic', 'study', 'system', 'technical', 'these', 'tttc', 'type', 'unable', 'understand', 'understanding', 'used', 'users', 'utilized', 'was', 'west', 'where', 'wise', 'within']","['000004', '241113', 'access', 'actually', 'application', 'arises', 'based', 'basis', 'because', 'but', 'check', 'confusion', 'contract', 'coo', 'correct', 'duty', 'eligibility', 'entered', 'epa', 'expect', 'field', 'find', 'fta', 'future', 'import', 'information', 'instead', 'item', 'locate', 'looking', 'managed', 'not', 'number', 'order', 'overpayments', 'prevent', 'registered', 'registration', 'sales', 'solution', 'steps', 'stop', 'stored', 'there', 'through', 'typically', 'users', 'verify', 'when', 'wise', 'work']","['related', 'customer', 'utilized', 'tttc', 'downloading', 'west', 'countries', 'section', 'including', 'exp', 'was', 'details', 'impact', 'invoices', 'system', 'data', 'master', 'due', 'serve', 'how', 'over', 'comprehensive', 'directly', 'mistake', 'used', 'root', 'codes', 'relevant', 'diagnosis', 'code', 'documents', 'only', 'each', 'part', 'primarily', 'cause', 'route', 'export', 'from', 'fields', 'review', 'understanding', 'shipping', 'about', 'should', 'investigating', 'purposes', 'accessed', 'technical', 'outside', 'study', 'type', 'navigate', 'register', 'consult', 'these', 'remediation', 'contain', 'issue', 'within', 'paid', 'download', 'where', 'lack', 'maintained', 'downloaded', 'unable', 'understand', 'note', 'strategic', 'resolution', 'reference']","['related', 'customer', 'utilized', 'tttc', 'downloading', 'west', 'countries', 'section', 'including', 'exp', 'was', 'details', 'impact', 'invoices', 'data', 'due', 'serve', 'how', 'over', 'comprehensive', 'mistake', 'used', 'root', 'duty', 'codes', 'relevant', 'code', 'documents', 'only', 'each', 'part', 'primarily', 'cause', 'route', 'export', 'understanding', 'review', 'shipping', 'about', 'investigating', 'purposes', 'accessed', 'outside', 'study', 'type', 'navigate', 'consult', 'these', 'contain', 'issue', 'within', 'download', 'lack', 'maintained', 'downloaded', 'unable', 'understand', 'stored', 'reference']",3,"Mixed scores, with some relatively high and some low, indicating a moderate issue."
question_3,How to resolve discrepancies in payment terms between WisE and WEST systems when WEST invoice occasionally shows the correct payment term despite incorrect settings in the WEST contract?,"Based on the historical work orders, here's the solution for payment term discrepancies between WisE and WEST systems:

## Resolution

**Source:** Work order 250317-000002

The payment terms in WEST are determined by the **trading partner code in Interface Mapping**, not by the payment terms set in the WisE Contract Master or WEST contract settings.

## Technical Explanation

- WisE Contract Master payment terms only affect invoice remarks display
- WEST receives payment terms based on trading partner codes registered in Interface Mapping
- For invoices without 1st line export entry number specification, the system applies payment terms from the 2nd line

## Remediation Steps

1. **Verify the trading partner code** registered in the current contract
2. **Check the payment terms master registration** for the corresponding code in Interface Mapping
3. **Update payment terms in Interface Mapping** according to the appropriate trading partner codes to ensure correct terms appear in WEST
4. **Ensure proper synchronization** by configuring Interface Mapping rather than relying on contract-level settings

The occasional correct display occurs when the Interface Mapping happens to have the right payment terms for that specific trading partner code, regardless of what's configured in the contract settings.","[Resolution] Payment term data is not interfaced between WisE and WEST systems, requiring manual alignment of payment terms in both systems independently.

[Technical Diagnosis] The customer observed that for customer APTIV, the WisE contract (MYAPT001) correctly showed a payment term of 60 days from the end of cargo receipt month, while the WEST sales contract (3500002128) incorrectly showed YW01 - 30 days end of month. The confusion arose because sometimes the WEST invoice would display the correct payment term despite the WEST contract having incorrect settings, leading to the question of whether payment terms data was being interfaced between the systems.

[Remediation Steps]
1. Confirm that payment term data is not interfaced from WisE to WEST.
2. Manually update the payment term in the WEST sales contract to match the correct term (60 days).
3. For any discrepancies in payment terms, consult with the WEST helpdesk for detailed investigation of specific issues.
4. Verify that the changes have been properly applied by checking a new invoice in the WEST system.

[Strategic Note] To prevent future discrepancies, establish a regular audit process to ensure payment terms are consistently maintained across both WisE and WEST systems since they operate independently without data interface for payment terms.",0.1111111110493827,0.0,0.0,0.3768565593789926,0.8407595708493038,0.882875903972148,0.7692307692307693,retrieval_failure,0.85,False,4,4,0,"['between', 'contract', 'correct', 'despite', 'discrepancies', 'how', 'incorrect', 'invoice', 'occasionally', 'payment', 'resolve', 'settings', 'shows', 'systems', 'term', 'terms', 'west', 'when', 'wise']","['3500002128', 'across', 'alignment', 'any', 'applied', 'aptiv', 'arose', 'audit', 'because', 'been', 'being', 'between', 'both', 'cargo', 'changes', 'checking', 'confirm', 'confusion', 'consistently', 'consult', 'contract', 'correct', 'correctly', 'customer', 'data', 'days', 'despite', 'detailed', 'diagnosis', 'discrepancies', 'display', 'end', 'ensure', 'establish', 'from', 'future', 'have', 'having', 'helpdesk', 'incorrect', 'incorrectly', 'independently', 'interface', 'interfaced', 'investigation', 'invoice', 'issues', 'leading', 'maintained', 'manual', 'manually', 'match', 'month', 'myapt001', 'new', 'not', 'note', 'observed', 'operate', 'payment', 'prevent', 'process', 'properly', 'question', 'receipt', 'regular', 'remediation', 'requiring', 'resolution', 'sales', 'settings', 'showed', 'since', 'sometimes', 'specific', 'steps', 'strategic', 'system', 'systems', 'technical', 'term', 'terms', 'they', 'update', 'verify', 'was', 'west', 'whether', 'while', 'wise', 'without', 'would', 'yw01']","['000002', '1st', '250317', '2nd', 'according', 'affect', 'appear', 'applies', 'appropriate', 'based', 'between', 'check', 'code', 'codes', 'configured', 'configuring', 'contract', 'correct', 'corresponding', 'current', 'determined', 'discrepancies', 'display', 'ensure', 'entry', 'explanation', 'export', 'from', 'happens', 'have', 'here', 'historical', 'interface', 'invoice', 'invoices', 'level', 'line', 'mapping', 'master', 'not', 'number', 'occasional', 'occurs', 'only', 'order', 'orders', 'partner', 'payment', 'proper', 'rather', 'receives', 'regardless', 'registered', 'registration', 'relying', 'remarks', 'remediation', 'resolution', 'right', 'set', 'settings', 'solution', 'source', 'specific', 'specification', 'steps', 'synchronization', 'system', 'systems', 'technical', 'term', 'terms', 'than', 'trading', 'update', 'verify', 'west', 'what', 'when', 'wise', 'without', 'work']","['customer', 'checking', 'cargo', 'helpdesk', 'was', 'having', 'sales', 'month', 'applied', 'incorrect', 'data', 'question', 'correctly', 'detailed', 'operate', 'since', 'prevent', 'aptiv', 'interfaced', 'across', 'end', 'audit', 'diagnosis', 'consistently', 'because', 'arose', 'manual', 'leading', 'properly', 'independently', 'they', 'receipt', 'manually', 'establish', 'whether', 'observed', 'future', 'any', 'showed', 'issues', 'changes', 'yw01', 'process', 'investigation', '3500002128', 'myapt001', 'requiring', 'being', 'confusion', 'alignment', 'consult', 'while', 'incorrectly', 'match', 'both', 'confirm', 'sometimes', 'despite', 'new', 'maintained', 'days', 'been', 'note', 'would', 'regular', 'strategic']","['checking', 'cargo', 'helpdesk', 'having', 'correct', 'month', 'applied', 'incorrect', 'question', 'detailed', 'operate', 'since', 'aptiv', 'interfaced', 'end', 'audit', 'consistently', 'leading', 'arose', 'regular', 'manual', 'independently', 'manually', 'whether', 'observed', 'any', 'showed', 'yw01', 'display', '3500002128', 'myapt001', 'requiring', 'being', 'alignment', 'consult', 'discrepancies', 'incorrectly', 'match', 'both', 'despite', 'sometimes', 'maintained', 'days', 'would']",4,"Mixed scores, with some relatively high and some low, indicating a moderate issue."
question_4,How to resolve bulk import of HS codes for multiple import items to WISE system when the system design only supports individual contract updates?,No solution was found. Please describe your question in detail.,"[Resolution] The current WISE system design only supports individual contract updates for importing HS codes, with no bulk import functionality available.

[Technical Diagnosis] The customer needed to import HS codes for all import items to WISE but discovered that the system architecture requires manual updates for each contract separately, which becomes impractical when dealing with over 100 contracts.

[Remediation Steps]
1. Navigate to Manage Master > Contract List > Select Selling to Customer Contract > Modify Contract
2. In Step 2 of 5, click Add/Edit Part and select Download and Upload Part Form
3. Download the form for the specific contract
4. Fill in the Imp HS code in the downloaded spreadsheet
5. Browse to upload the updated file
6. Click ""NEXT"" to proceed through the workflow
7. Complete the process by selecting Issue in Step 5 of 5
8. Repeat this process for each contract requiring HS code updates

[Strategic Note] For businesses frequently requiring bulk updates, submitting a Change Request (CR) is recommended to enhance the WISE system with bulk import capabilities for HS codes across multiple contracts.",0.049999999975,0.0,0.09090909090909091,0.19133134563956028,0.4925981098309684,0.0,0.3333333333333333,hallucination,0.9,False,2,2,0,"['bulk', 'codes', 'contract', 'design', 'how', 'import', 'individual', 'items', 'multiple', 'only', 'resolve', 'supports', 'system', 'updates', 'when', 'wise']","['100', 'across', 'add', 'all', 'architecture', 'available', 'becomes', 'browse', 'bulk', 'businesses', 'but', 'capabilities', 'change', 'click', 'code', 'codes', 'complete', 'contract', 'contracts', 'current', 'customer', 'dealing', 'design', 'diagnosis', 'discovered', 'download', 'downloaded', 'each', 'edit', 'enhance', 'file', 'fill', 'form', 'frequently', 'functionality', 'imp', 'import', 'importing', 'impractical', 'individual', 'issue', 'items', 'list', 'manage', 'manual', 'master', 'modify', 'multiple', 'navigate', 'needed', 'next', 'note', 'only', 'over', 'part', 'proceed', 'process', 'recommended', 'remediation', 'repeat', 'request', 'requires', 'requiring', 'resolution', 'select', 'selecting', 'selling', 'separately', 'specific', 'spreadsheet', 'step', 'steps', 'strategic', 'submitting', 'supports', 'system', 'technical', 'through', 'updated', 'updates', 'upload', 'when', 'which', 'wise', 'workflow']","['describe', 'detail', 'found', 'please', 'question', 'solution', 'was', 'your']","['available', 'design', 'multiple', 'needed', 'master', 'over', 'upload', 'proceed', 'repeat', 'import', 'across', 'diagnosis', 'code', 'which', 'wise', 'all', 'each', 'manual', 'only', 'part', 'updated', 'browse', 'contracts', 'workflow', 'request', 'specific', 'change', 'capabilities', 'process', 'selecting', 'individual', 'file', 'edit', 'fill', 'download', 'becomes', 'dealing', 'downloaded', 'items', 'step', 'next', 'note', 'strategic', 'customer', 'select', 'discovered', 'imp', 'recommended', 'complete', 'system', 'enhance', 'contract', 'when', 'add', 'architecture', 'codes', 'bulk', 'impractical', 'through', 'current', 'updates', 'selling', 'businesses', 'technical', 'requiring', 'list', 'form', 'navigate', 'click', 'remediation', 'issue', 'supports', 'steps', '100', 'functionality', 'but', 'manage', 'importing', 'requires', 'submitting', 'frequently', 'modify', 'separately', 'spreadsheet', 'resolution']","['design', 'discovered', 'imp', 'recommended', 'complete', 'frequently', 'over', 'upload', 'proceed', 'enhance', 'repeat', 'across', 'add', 'bulk', 'impractical', 'only', 'manual', 'browse', 'current', 'specific', 'change', 'selling', 'capabilities', 'businesses', 'selecting', 'requiring', 'individual', 'file', 'list', 'form', 'edit', 'click', 'fill', 'supports', 'download', '100', 'but', 'becomes', 'manage', 'downloaded', 'requires', 'submitting', 'items', 'step', 'next', 'separately', 'spreadsheet']",2,"Low scores for most metrics, suggesting a significant problem."
question_5,How to resolve the inability to add new part numbers to a sales contract or issue urgent orders when the corresponding purchase contract cannot be selected caused by a broken contract master route registration during the part number approval process?,"Based on the historical work orders, here are the solutions for resolving inability to add new part numbers due to broken contract master routes:

## Primary Resolution Steps

**Source: Work Orders 250415-000006, 240503-000007, 250203-000018**

### Immediate Actions:
1. **Select ""New Contract""** instead of trying to use the broken contract when adding part numbers
2. **Verify contract type compatibility** - ensure sales and purchase contracts are both the same type (1-to-1 or standard)
3. **Contact the Export country/TTC Office** to complete the required registration for the new part number

### Technical Remediation:
1. **Check contract relationship types** - Sales contract MUST match purchase contract type (1-to-1 with 1-to-1, standard with standard)
2. **Ensure registration completion** - Verify that the Export office has completed their registration process for the new part number
3. **Update contract master data** - After Export completes registration, the CNT office must modify and update the contract master to select the newly registered purchase contract
4. **Verify proper linkage** - Confirm the sales and purchase contracts are properly linked in the WisE system

### For Urgent Orders:
- Proceed with ""New Contract"" selection and advance to step 5 of 5 in the ordering process
- Send registration request to the Purchase From party (Export country)
- Coordinate with Export country to restore the broken contract master link

**Strategic Note**: Contract type mismatches and incomplete registrations are the primary causes. Always verify contract compatibility before attempting to add part numbers.","[Resolution] Contact TTC-Japan Export PIC to complete the required registration in the request chain for the broken route in contract CNDBH500.

[Technical Diagnosis] The issue occurred because although the new part number was registered and approved in the system (completed at CNG on March 7th at 4:00 UTC), there was a broken contract master route registration causing the purchase contract to display as ""New Contract"" instead of reflecting the actual contract. When ""New Contract"" is selected, a request is sent to the Purchase From party (TTC-Japan Export) to complete the required registration, but this step was likely not completed, preventing the parts from appearing in the urgent order selection screen.

[Remediation Steps]
1. Verify the approval status of the newly added parts in the contract master (confirmed completed at CNG on March 7th at 4:00 UTC).
2. Check the sales contract CNDBH500 and confirm that the purchase contract is showing as ""New Contract"".
3. Contact TTC-Japan Export PIC to confirm whether they received the registration request and completed the required registration from the request link.
4. Ask TTC-Japan Export to complete the registration process for the broken route.
5. For immediate needs, consider submitting an irregular order by registering a spot or trial master to avoid delays in order issuance.

[Strategic Note] To prevent similar issues in the future, establish a clear communication protocol with the export side to ensure timely completion of all registration steps in the contract master route, especially when adding new part numbers to existing contracts.",0.20833333324652778,0.8055555555287036,0.6666666666666666,0.383008731996201,0.782034927984804,0.9026585515671229,0.8888888888888888,retrieval_failure,0.85,False,4,4,0,"['add', 'approval', 'broken', 'cannot', 'caused', 'contract', 'corresponding', 'during', 'how', 'inability', 'issue', 'master', 'new', 'number', 'numbers', 'orders', 'part', 'process', 'purchase', 'registration', 'resolve', 'route', 'sales', 'selected', 'urgent', 'when']","['7th', 'actual', 'added', 'adding', 'all', 'although', 'appearing', 'approval', 'approved', 'ask', 'avoid', 'because', 'broken', 'but', 'causing', 'chain', 'check', 'clear', 'cndbh500', 'cng', 'communication', 'complete', 'completed', 'completion', 'confirm', 'confirmed', 'consider', 'contact', 'contract', 'contracts', 'delays', 'diagnosis', 'display', 'ensure', 'especially', 'establish', 'existing', 'export', 'from', 'future', 'immediate', 'instead', 'irregular', 'issuance', 'issue', 'issues', 'japan', 'likely', 'link', 'march', 'master', 'needs', 'new', 'newly', 'not', 'note', 'number', 'numbers', 'occurred', 'order', 'part', 'parts', 'party', 'pic', 'prevent', 'preventing', 'process', 'protocol', 'purchase', 'received', 'reflecting', 'registered', 'registering', 'registration', 'remediation', 'request', 'required', 'resolution', 'route', 'sales', 'screen', 'selected', 'selection', 'sent', 'showing', 'side', 'similar', 'spot', 'status', 'step', 'steps', 'strategic', 'submitting', 'system', 'technical', 'there', 'they', 'timely', 'trial', 'ttc', 'urgent', 'utc', 'verify', 'was', 'when', 'whether']","['000006', '000007', '000018', '240503', '250203', '250415', 'actions', 'add', 'adding', 'advance', 'always', 'attempting', 'based', 'both', 'broken', 'causes', 'check', 'cnt', 'compatibility', 'complete', 'completed', 'completes', 'completion', 'confirm', 'contact', 'contract', 'contracts', 'coordinate', 'country', 'data', 'due', 'ensure', 'export', 'from', 'has', 'here', 'historical', 'immediate', 'inability', 'incomplete', 'instead', 'link', 'linkage', 'linked', 'master', 'match', 'mismatches', 'modify', 'must', 'new', 'newly', 'note', 'number', 'numbers', 'office', 'ordering', 'orders', 'part', 'party', 'primary', 'proceed', 'process', 'proper', 'properly', 'purchase', 'registered', 'registration', 'registrations', 'relationship', 'remediation', 'request', 'required', 'resolution', 'resolving', 'restore', 'routes', 'sales', 'same', 'select', 'selection', 'send', 'solutions', 'source', 'standard', 'step', 'steps', 'strategic', 'system', 'technical', 'their', 'trying', 'ttc', 'type', 'types', 'update', 'urgent', 'use', 'verify', 'when', 'wise', 'work']","['was', 'status', 'approval', 'march', 'timely', 'there', 'prevent', 'order', 'spot', 'delays', 'issuance', 'occurred', 'cng', 'clear', 'reflecting', 'diagnosis', 'communication', 'all', 'because', 'although', 'they', 'sent', 'especially', 'japan', 'establish', 'route', 'added', 'utc', 'whether', 'irregular', 'side', 'future', '7th', 'ask', 'similar', 'confirmed', 'issues', 'display', 'avoid', 'preventing', 'likely', 'consider', 'received', 'selected', 'registering', 'protocol', 'approved', 'issue', 'parts', 'actual', 'screen', 'pic', 'but', 'trial', 'appearing', 'cndbh500', 'not', 'showing', 'causing', 'existing', 'chain', 'submitting', 'needs']","['immediate', 'approval', 'march', 'spot', 'issuance', 'occurred', 'cng', 'clear', 'reflecting', 'although', 'sent', 'newly', 'utc', 'irregular', 'urgent', '7th', 'ask', 'confirmed', 'display', 'likely', 'consider', 'registering', 'approved', 'protocol', 'actual', 'screen', 'pic', 'trial', 'cndbh500', 'causing', 'chain', 'submitting', 'needs']",5,"Generally decent scores, but with some lower values, suggesting a minor issue."
question_6,How to resolve WisE approval workflow confusion when the system shows 'Issued' status with an approval button but no next approver displayed during master data request processing?,"Based on the historical work orders, here are the solutions for WisE approval workflow showing 'Issued' status with approval confusion:

## Solution

**Source:** Work orders 240313-000011 and 240319-000008

### For Contract Modification Master Requests:
1. **Identify the request type** - If it's a contract modification master request
2. **Contact the buyer PIC** (Person In Charge) for the contract
3. **Request buyer PIC approval** through the TODO function - this is required to move from 'issued' status

### For Master Data Additions:
1. **Verify the actual approval status** in the system using screenshots
2. **Check if approvals are already completed** - the request may actually be approved despite showing 'issued' status
3. **Confirm no further approvals are required** if all necessary approvals have been completed

### Key Points:
- Contract modifications specifically require buyer confirmation, which may not be clearly indicated in the workflow
- 'Issued' status doesn't always mean pending approval - the request may already be fully approved
- System status indicators can sometimes be misleading between 'issued' and 'approved' states

The resolution depends on whether your master request is for contract modification (requires buyer PIC approval) or master data addition (may already be approved despite status display).","[Resolution] The issue is resolved by navigating to the Issue Status screen and completing the remaining master request approvals that are still pending in the WisE system.

[Technical Diagnosis] The confusion occurs because the master request shows an 'Issued' status on the main screen while some individual master requests within the same batch (such as Supplier Plant Master) are still pending approval from the first approver. Although the user has approved one request, there are multiple related requests requiring separate approval actions, which is why the approval button remains visible despite no next approver being displayed.

[Remediation Steps]
1. Click the 'Issue Status' button on the master request screen to view all pending requests
2. On the master request category screen, click on the specific master request (e.g., 'Supplier Plant Master')
3. Click the 'Issue' button to access the approval details
4. As the first approver, click 'Approve' to complete the approval action for that specific request
5. Repeat these steps for any other master request descriptions (such as TRTâ†’SRK-T) that require approval

[Strategic Note] To prevent future confusion with multi-request approvals, users should always check the Issue Status screen to identify all pending requests requiring approval actions rather than assuming the main screen status applies to all related requests.",0.19999999986666667,0.0,0.0,0.4257514993306182,0.8030059973224727,0.869582699756161,0.9473684210526315,retrieval_failure,0.85,False,4,4,0,"['approval', 'approver', 'but', 'button', 'confusion', 'data', 'displayed', 'during', 'how', 'issued', 'master', 'next', 'processing', 'request', 'resolve', 'shows', 'status', 'system', 'when', 'wise', 'workflow']","['access', 'action', 'actions', 'all', 'although', 'always', 'any', 'applies', 'approval', 'approvals', 'approve', 'approved', 'approver', 'assuming', 'batch', 'because', 'being', 'button', 'category', 'check', 'click', 'complete', 'completing', 'confusion', 'descriptions', 'despite', 'details', 'diagnosis', 'displayed', 'first', 'from', 'future', 'has', 'identify', 'individual', 'issue', 'issued', 'main', 'master', 'multi', 'multiple', 'navigating', 'next', 'note', 'occurs', 'one', 'other', 'pending', 'plant', 'prevent', 'rather', 'related', 'remaining', 'remains', 'remediation', 'repeat', 'request', 'requests', 'require', 'requiring', 'resolution', 'resolved', 'same', 'screen', 'separate', 'should', 'shows', 'some', 'specific', 'srk', 'status', 'steps', 'still', 'strategic', 'such', 'supplier', 'system', 'technical', 'than', 'there', 'these', 'trt', 'user', 'users', 'view', 'visible', 'which', 'while', 'why', 'wise', 'within']","['000008', '000011', '240313', '240319', 'actual', 'actually', 'addition', 'additions', 'all', 'already', 'always', 'approval', 'approvals', 'approved', 'based', 'been', 'between', 'buyer', 'charge', 'check', 'clearly', 'completed', 'confirm', 'confirmation', 'confusion', 'contact', 'contract', 'data', 'depends', 'despite', 'display', 'doesn', 'from', 'fully', 'function', 'further', 'have', 'here', 'historical', 'identify', 'indicated', 'indicators', 'issued', 'key', 'master', 'mean', 'misleading', 'modification', 'modifications', 'move', 'necessary', 'not', 'orders', 'pending', 'person', 'pic', 'points', 'request', 'requests', 'require', 'required', 'requires', 'resolution', 'screenshots', 'showing', 'solution', 'solutions', 'sometimes', 'source', 'specifically', 'states', 'status', 'system', 'through', 'todo', 'type', 'using', 'verify', 'whether', 'which', 'wise', 'work', 'workflow', 'your']","['related', 'main', 'multiple', 'details', 'supplier', 'screen', 'there', 'complete', 'has', 'approve', 'prevent', 'repeat', 'why', 'resolved', 'diagnosis', 'actions', 'action', 'rather', 'because', 'visible', 'although', 'batch', 'such', 'future', 'specific', 'any', 'button', 'completing', 'category', 'approver', 'should', 'occurs', 'technical', 'multi', 'individual', 'requiring', 'being', 'same', 'users', 'these', 'remediation', 'click', 'displayed', 'issue', 'within', 'while', 'trt', 'steps', 'shows', 'remains', 'separate', 'remaining', 'than', 'one', 'other', 'user', 'srk', 'first', 'some', 'descriptions', 'still', 'applies', 'view', 'access', 'assuming', 'next', 'note', 'navigating', 'strategic', 'plant']","['main', 'supplier', 'there', 'complete', 'repeat', 'why', 'actions', 'pending', 'action', 'rather', 'visible', 'although', 'batch', 'such', 'button', 'completing', 'category', 'occurs', 'multi', 'individual', 'same', 'click', 'always', 'displayed', 'while', 'within', 'trt', 'shows', 'remains', 'separate', 'remaining', 'than', 'one', 'other', 'user', 'srk', 'first', 'some', 'descriptions', 'still', 'applies', 'view', 'assuming', 'next', 'navigating', 'plant']",6,"Generally decent scores, but with some lower values, suggesting a minor issue."
question_7,How to resolve the issue of not seeing Revised FC information in the Supplier Order History screen caused by incorrect date range filtering during WisE system report generation?,"## Resolution

Adjust the date range in the Order History (Supplier) search to include the actual supplier-confirmed order date to properly view Revised FC orders.

## Technical Diagnosis

The Order History (Supplier) report reflects data based on the supplier-confirmed order date rather than the PO issuance date. When searching with a date range that starts after the supplier-confirmed date, the system cannot display the Revised FC orders despite them existing in the system.

## Remediation Steps

1. Access the WisE system and navigate to the Order History (Supplier) search screen
2. Set the date range to include the supplier-confirmed order date 
3. Ensure the start date is no later than the supplier-confirmed date for the specific Revised FC order
4. Apply the appropriate filters including the 'Revised FC' filter if needed
5. Execute the search to view the complete Revised FC order information

**Source:** Work order 240828-000023","[Resolution]: To view Revised FC information in the Supplier Order History screen, users must set the date range filter to include the supplier-confirmed order date rather than the PO issuance date or revised FC date.

[Technical Diagnosis]: The issue occurred because the reflection of Revised Forecast orders in the Order History (Supplier) report is based specifically on the supplier-confirmed order date, not the PO issuance date or the revised FC date as initially thought. This created confusion when searching for Revised FC information using date ranges that didn't include the supplier-confirmed date, causing the system to show no results even when Revised FC orders existed.

[Remediation Steps]:
1. Access the Order History (Supplier) screen in the WisE system
2. When searching for Revised FC information, ensure the date range includes the supplier-confirmed order date (in this specific case, March 21st)
3. If uncertain about the exact supplier-confirmed date, use a wider date range that would encompass potential confirmation dates
4. Select the ""Revised FC"" filter only after setting the appropriate date range
5. Verify that the Order Type column shows ""Revised Forecast"" for the relevant orders

[Strategic Note]: For consistent visibility of Revised FC information across the organization, reference the WisE Order History Reports documentation which clarifies the different reflection timings for Customer, Supplier, and TTC-Group reports to prevent similar misunderstandings in the future.",0.39999999973333333,0.99999999995,1.0,0.70849669530799,0.9392499391266969,0.7491055611088729,0.9285714285714286,retrieval_failure,0.85,False,2,2,0,"['caused', 'date', 'during', 'filtering', 'generation', 'history', 'how', 'incorrect', 'information', 'issue', 'not', 'order', 'range', 'report', 'resolve', 'revised', 'screen', 'seeing', 'supplier', 'system', 'wise']","['21st', 'about', 'access', 'across', 'appropriate', 'based', 'because', 'case', 'causing', 'clarifies', 'column', 'confirmation', 'confirmed', 'confusion', 'consistent', 'created', 'customer', 'date', 'dates', 'diagnosis', 'didn', 'different', 'documentation', 'encompass', 'ensure', 'even', 'exact', 'existed', 'filter', 'forecast', 'future', 'group', 'history', 'include', 'includes', 'information', 'initially', 'issuance', 'issue', 'march', 'misunderstandings', 'must', 'not', 'note', 'occurred', 'only', 'order', 'orders', 'organization', 'potential', 'prevent', 'range', 'ranges', 'rather', 'reference', 'reflection', 'relevant', 'remediation', 'report', 'reports', 'resolution', 'results', 'revised', 'screen', 'searching', 'select', 'set', 'setting', 'show', 'shows', 'similar', 'specific', 'specifically', 'steps', 'strategic', 'supplier', 'system', 'technical', 'than', 'thought', 'timings', 'ttc', 'type', 'uncertain', 'use', 'users', 'using', 'verify', 'view', 'visibility', 'when', 'which', 'wider', 'wise', 'would']","['000023', '240828', 'access', 'actual', 'adjust', 'apply', 'appropriate', 'based', 'cannot', 'complete', 'confirmed', 'data', 'date', 'despite', 'diagnosis', 'display', 'ensure', 'execute', 'existing', 'filter', 'filters', 'history', 'include', 'including', 'information', 'issuance', 'later', 'navigate', 'needed', 'order', 'orders', 'properly', 'range', 'rather', 'reflects', 'remediation', 'report', 'resolution', 'revised', 'screen', 'search', 'searching', 'set', 'source', 'specific', 'start', 'starts', 'steps', 'supplier', 'system', 'technical', 'than', 'them', 'view', 'when', 'wise', 'work']","['created', 'customer', 'select', 'consistent', 'different', 'potential', 'thought', 'uncertain', 'misunderstandings', 'clarifies', 'existed', 'march', 'ttc', 'forecast', 'confirmation', 'prevent', 'using', 'organization', 'results', 'across', 'occurred', 'didn', 'relevant', 'which', 'reports', 'includes', 'setting', 'reflection', 'only', 'documentation', 'because', 'timings', 'dates', 'future', 'exact', 'similar', 'strategic', 'visibility', 'about', 'specifically', 'use', 'must', 'type', 'confusion', 'ranges', 'users', 'column', 'issue', 'show', 'verify', 'shows', 'wider', 'case', 'initially', 'not', 'causing', 'encompass', 'even', 'group', 'would', 'note', '21st', 'reference']","['created', 'consistent', 'different', 'potential', 'thought', 'uncertain', 'misunderstandings', 'clarifies', 'forecast', 'confirmation', 'prevent', 'organization', 'results', 'across', 'didn', 'relevant', 'which', 'includes', 'only', 'timings', 'dates', 'exact', 'visibility', 'about', 'specifically', 'use', 'must', 'type', 'confusion', 'users', 'ranges', 'column', 'show', 'shows', 'wider', 'initially', 'causing', 'encompass', 'even', 'would', 'reference']",7,"High scores across most metrics, indicating good performance."
question_8,How to resolve incorrect approver assignment in WiSE system contract price modification workflow caused by missing Contract Manager role during sales contract approval process?,"Based on the historical work orders, here are solutions for resolving incorrect approver assignment caused by missing Contract Manager role:

## Resolution

**Source:** Work orders 240918-000032 and 250507-000020

### For Missing Manager Role Assignment:

1. **Identify the problematic contract/part number** causing incorrect approval workflow
2. **Verify that only PIC role is assigned without manager role** for the identified item
3. **Have an administrator reject the current master request**
4. **Resubmit the master request with correct Contract Manager role assignment**
5. **Confirm the approval workflow shows the intended approver**

### For Contract Manager No Longer Available:

1. **Wait for technical team to reject the original master request** (1-2 working days)
2. **Choose one option:**
   - **Option A:** Temporarily deactivate the workflow using Manager/Administrator access, reissue request, update contract manager, then reactivate workflow
   - **Option B:** Modify workflow to add backup PIC (Administrator or higher role), reissue request, have backup approver approve it
3. **Update the contract manager information in the contract master**
4. **Reissue the request with updated contract manager**

### Prevention Strategy:
- Ensure all contracts have appropriate Contract Manager role assignments before submitting requests
- Implement backup approver roles in critical workflows
- Maintain current contract manager information

**Technical Note:** Missing role assignments trigger default administrator approvals instead of intended contract managers, disrupting the proper approval workflow routing.","[Resolution]: Set the Contract Manager role explicitly in the sales contract to ensure proper approver routing in the WiSE system workflow.

[Technical Diagnosis]: The issue occurred because in the workflow management for section C01K, the Sales Contract Part Price Master designates the contract manager as the first approver, but in contract CNHIN001 (and other affected contracts), only the PIC and Backup PIC were defined without a designated Contract Manager role. Consequently, the system defaulted to assigning approval rights to any user with administrator privileges in the CNS office, resulting in unexpected personnel from other branches (like Huang Jing from Chengdu) appearing as approvers.

[Remediation Steps]:
1. Check the current contract configuration in WiSE system to verify the missing Contract Manager role (only PIC and Backup PIC are present).
2. Access the contract management section for the affected contract (e.g., CNHIN001).
3. Add the appropriate Contract Manager role designation to the contract details.
4. Resubmit the price modification request (e.g., request A-20240403025349).
5. Verify that the workflow now correctly routes to the intended approver based on the updated Contract Manager role.

[Strategic Note]: To prevent future workflow routing issues, ensure all contracts are configured with complete role assignments including Contract Manager, PIC, and Backup PIC before initiating any modification workflows in the WiSE system.",0.0,0.8333333332916666,1.0,0.5679289694843547,0.7717158779374186,0.7675236566547339,0.7916666666666666,retrieval_failure,0.85,False,4,4,0,"['approval', 'approver', 'assignment', 'caused', 'contract', 'during', 'how', 'incorrect', 'manager', 'missing', 'modification', 'price', 'process', 'resolve', 'role', 'sales', 'system', 'wise', 'workflow']","['20240403025349', 'access', 'add', 'administrator', 'affected', 'all', 'any', 'appearing', 'appropriate', 'approval', 'approver', 'approvers', 'assigning', 'assignments', 'backup', 'based', 'because', 'branches', 'but', 'c01k', 'check', 'chengdu', 'cnhin001', 'cns', 'complete', 'configuration', 'configured', 'consequently', 'contract', 'contracts', 'correctly', 'current', 'defaulted', 'defined', 'designated', 'designates', 'designation', 'details', 'diagnosis', 'ensure', 'explicitly', 'first', 'from', 'future', 'huang', 'including', 'initiating', 'intended', 'issue', 'issues', 'jing', 'like', 'management', 'manager', 'master', 'missing', 'modification', 'note', 'now', 'occurred', 'office', 'only', 'other', 'part', 'personnel', 'pic', 'present', 'prevent', 'price', 'privileges', 'proper', 'remediation', 'request', 'resolution', 'resubmit', 'resulting', 'rights', 'role', 'routes', 'routing', 'sales', 'section', 'set', 'steps', 'strategic', 'system', 'technical', 'unexpected', 'updated', 'user', 'verify', 'were', 'wise', 'without', 'workflow', 'workflows']","['000020', '000032', '240918', '250507', 'access', 'add', 'administrator', 'all', 'appropriate', 'approval', 'approvals', 'approve', 'approver', 'assigned', 'assignment', 'assignments', 'available', 'backup', 'based', 'caused', 'causing', 'choose', 'confirm', 'contract', 'contracts', 'correct', 'critical', 'current', 'days', 'deactivate', 'default', 'disrupting', 'ensure', 'have', 'here', 'higher', 'historical', 'identified', 'identify', 'implement', 'incorrect', 'information', 'instead', 'intended', 'item', 'longer', 'maintain', 'manager', 'managers', 'master', 'missing', 'modify', 'note', 'number', 'one', 'only', 'option', 'orders', 'original', 'part', 'pic', 'prevention', 'problematic', 'proper', 'reactivate', 'reissue', 'reject', 'request', 'requests', 'resolution', 'resolving', 'resubmit', 'role', 'roles', 'routing', 'shows', 'solutions', 'source', 'strategy', 'submitting', 'team', 'technical', 'temporarily', 'then', 'trigger', 'update', 'updated', 'using', 'verify', 'wait', 'without', 'work', 'workflow', 'workflows', 'working']","['check', 'unexpected', 'section', 'including', 'designates', 'details', 'sales', 'c01k', 'configuration', 'consequently', 'system', 'cns', 'complete', 'price', 'correctly', 'prevent', 'approvers', 'designation', 'occurred', 'diagnosis', 'wise', 'jing', '20240403025349', 'because', 'personnel', 'huang', 'set', 'office', 'future', 'from', 'any', 'branches', 'chengdu', 'issues', 'defined', 'affected', 'designated', 'resulting', 'assigning', 'now', 'remediation', 'explicitly', 'issue', 'were', 'like', 'steps', 'but', 'appearing', 'management', 'other', 'first', 'user', 'present', 'configured', 'routes', 'modification', 'rights', 'privileges', 'defaulted', 'cnhin001', 'initiating', 'strategic']","['unexpected', 'section', 'including', 'designates', 'c01k', 'consequently', 'cns', 'designation', 'jing', '20240403025349', 'huang', 'branches', 'chengdu', 'defined', 'affected', 'designated', 'resulting', 'assigning', 'explicitly', 'based', 'like', 'appearing', 'management', 'other', 'user', 'present', 'routes', 'modification', 'rights', 'privileges', 'defaulted', 'cnhin001', 'initiating']",8,"High scores across most metrics, indicating good performance."
